<?xml version="1.0" encoding="UTF-8"?>
<beans xmlns="http://www.springframework.org/schema/beans"  
    xmlns:xsi="http://www.w3.org/2001/XMLSchema-instance" 
    xmlns:context="http://www.springframework.org/schema/context"   
    xmlns:mvc="http://www.springframework.org/schema/mvc" 
    xmlns:tx="http://www.springframework.org/schema/tx"
     xmlns:aop="http://www.springframework.org/schema/aop"  
    xsi:schemaLocation="http://www.springframework.org/schema/mvc     
    http://www.springframework.org/schema/mvc/spring-mvc-3.0.xsd  
http://www.springframework.org/schema/beans  
http://www.springframework.org/schema/beans/spring-beans-3.0.xsd  
http://www.springframework.org/schema/context  
http://www.springframework.org/schema/context/spring-context-3.0.xsd
http://www.springframework.org/schema/tx  
http://www.springframework.org/schema/tx/spring-tx-3.0.xsd
http://www.springframework.org/schema/aop 
http://www.springframework.org/schema/aop/spring-aop-3.0.xsd">

 <aop:aspectj-autoproxy/>
<context:component-scan base-package="com.nucleus"/>

 
<bean id="vResolver" class="org.springframework.web.servlet.view.InternalResourceViewResolver">
<property name="prefix" value="/WEB-INF/view/"/>
<property name="suffix" value=".jsp"/>
</bean>
<mvc:resources  mapping="/resources/**" location="/resources/css/"/>

<mvc:annotation-driven/>


<bean id="ph" class="org.springframework.beans.factory.config.PropertyPlaceholderConfigurer">
<property name="locations">
<list>
<value>/WEB-INF/propertyfile/datasource.properties/</value>
</list>
</property>
</bean>  


<bean id="ds" class=" org.springframework.jdbc.datasource.DriverManagerDataSource">

<property name="driverClassName" value="oracle.jdbc.driver.OracleDriver"/>
<property name="url" value="${urlname}"/>
<property name="username" value="${uname}"/>
<property name="password" value="${passname}"/>


</bean>







<bean id="messageSource" class="org.springframework.context.support.ReloadableResourceBundleMessageSource">
<property name="basenames">
<list>
<value>/WEB-INF/errormessages/errmsg1</value>
<value>/WEB-INF/label/customerlabels</value>
<value>/WEB-INF/label/userlabels</value>
</list>
</property>
</bean>



<bean id="jdbcTemplate" class="org.springframework.jdbc.core.JdbcTemplate ">
<property name="dataSource" ref="ds"/>

</bean>

 <!-- Hibernate 4 SessionFactory Bean definition -->    
<bean id="sessionFactory"
        class="org.springframework.orm.hibernate4.LocalSessionFactoryBean">
        <property name="dataSource" ref="ds" />
        <property name="annotatedClasses">
            <list>
                <value>com.nucleus.Entity.Customer</value>      
                <value>com.nucleus.Entity.UserReg</value>  
              <value>com.nucleus.Entity.RoleReg</value>   
                          
            </list>
        </property>
        <property name="hibernateProperties">
            <props>
                <prop key="hibernate.dialect">org.hibernate.dialect.Oracle10gDialect</prop>              
                <prop key="hibernate.show_sql">true</prop>        
                  <prop key="hibernate.hbm2ddl.auto">update</prop>            
                   
            </props>
        </property>
    </bean>
    <bean id="transactionManager" class="org.springframework.orm.hibernate4.HibernateTransactionManager">
    <property name="sessionFactory" ref="sessionFactory"/> 
</bean>
 
 <tx:annotation-driven transaction-manager="transactionManager"/>


</beans>