<?xml version="1.0" encoding="UTF-8"?>

<beans:beans xmlns="http://www.springframework.org/schema/security"
	xmlns:beans="http://www.springframework.org/schema/beans" 
	xmlns:xsi="http://www.w3.org/2001/XMLSchema-instance"
	xsi:schemaLocation="http://www.springframework.org/schema/beans
	http://www.springframework.org/schema/beans/spring-beans-3.1.xsd
	http://www.springframework.org/schema/security
	http://www.springframework.org/schema/security/spring-security-3.1.xsd">
	
	<beans:import resource="dispatcher-servlet.xml"/>
	<http auto-config="true">
	<intercept-url pattern="/userlogin" access="IS_AUTHENTICATED_ANONYMOUSLY"/>
	<intercept-url pattern="/User" access="IS_AUTHENTICATED_ANONYMOUSLY"/>
	<intercept-url pattern="/cuser" access="IS_AUTHENTICATED_ANONYMOUSLY"/>
	<intercept-url pattern="/userregister" access="IS_AUTHENTICATED_ANONYMOUSLY"/>
	<intercept-url pattern="/cuserRegister" access="IS_AUTHENTICATED_ANONYMOUSLY"/>
	<intercept-url pattern="/resources/**" access="IS_AUTHENTICATED_ANONYMOUSLY"/>
	<intercept-url pattern="/loginfailure" access="IS_AUTHENTICATED_ANONYMOUSLY"/>
<intercept-url pattern="/accessdenied" access="IS_AUTHENTICATED_ANONYMOUSLY"/>
	 
	<intercept-url pattern="/first" access="IS_AUTHENTICATED_ANONYMOUSLY"/> 
	
	
	<http-basic/>
	
	
	<intercept-url pattern="/**" access="ROLE_MAKER,ROLE_ADMIN"/>
	
	
	<form-login login-page="/userlogin" authentication-failure-url="/loginfailure" default-target-url="/defaultpage" always-use-default-target="true"/>
	
	
	
	<access-denied-handler error-page="/accessdenied"/>
	

	
	</http>
	
	

	
	<beans:bean id="pencoder" class="org.springframework.security.crypto.bcrypt.BCryptPasswordEncoder"/> 
<!-- 	<beans:bean id="ds1" class="org.springframework.jdbc.datasource.DriverManagerDataSource">
<beans:property name="driverClassName" value="oracle.jdbc.driver.OracleDriver"/>
<beans:property name="url"             value="jdbc:oracle:thin:@10.1.50.198:1521:orcl"/>
<beans:property name="username"        value="sh"/>
<beans:property name="password"        value="sh"/>
</beans:bean>
	 -->
	
	<authentication-manager>
	<authentication-provider>
		<password-encoder ref="pencoder"/> 
<!-- <jdbc-user-service data-source-ref="ds1" users-by-username-query="select userid,userpassword,enabled from user_77 where userid=?" authorities-by-username-query="SELECT userid, userrole FROM userrole_77 WHERE userid = ?"/>  -->
   <!--  <jdbc-user-service data-source-ref="ds1" users-by-username-query="select user_id,enabled,user_password from userreg where userid=?" authorities-by-username-query="select user_id,role from rolereg b join userreg_rolereg c on (b.roleid=c.al_roleid) join userreg a on(c.userreg_user_id=a.user_id) where user_id=?"/>  -->
    
    <!-- <jdbc-user-service data-source-ref="ds1" users-by-username-query="select user_name,user_password,enabled from user_kaushal where user_name=?" authorities-by-username-query="select a.user_name as username, b.role_name as role from role_kaushal b join role_kaushal_user_kaushal c on (b.role_id=c.role_role_id)  join user_kaushal a on(c.user_user_id=a.user_id) where a.user_name=?"/>  -->
    
   <jdbc-user-service data-source-ref="ds" users-by-username-query="select user_id,user_password,enabled from userreg where user_id=?" authorities-by-username-query="select a.user_id , b.role from rolereg b join user_role_reg1 c on (b.roleid=c.role_id)  join userreg a on(c.user_id=a.user_id) where a.user_id=?"/> 
    
    </authentication-provider>
	</authentication-manager> 
	
	
	
	</beans:beans> 